date,year,month,static_effective_roll_cost_monthly_avg,dynamic_effective_roll_cost_monthly_avg,roll_required
2016-01-05,2016,1,0.004073284857288152,0.005640832766273128,1.0
2016-02-01,2016,2,-0.003185988861135652,-0.0016220833492660736,0.0
2016-03-01,2016,3,-0.0003336580643313426,-0.0017360162798187508,0.0
2016-04-01,2016,4,-0.0008484199602314444,-0.0030930266249216765,1.0
2016-05-02,2016,5,-0.00039717979249339247,-0.00038221335835338034,0.0
2016-06-01,2016,6,-0.00030776597233249256,0.001313261856849137,0.0
2016-07-01,2016,7,-0.00099704750447277,0.0013644898228468206,1.0
2016-08-01,2016,8,0.00023277064274878948,-0.00047300188412068917,0.0
2016-09-01,2016,9,0.0014488178083204017,0.0010530349091092777,0.0
2016-10-03,2016,10,-2.7393264221329894e-05,0.000580042326069653,1.0
2016-11-01,2016,11,-0.0001800288744198448,4.6118905335335557e-05,0.0
2016-12-01,2016,12,-0.0006570929733073415,-0.00046317998899504334,0.0
2017-01-03,2017,1,-0.000461958692841552,-0.0005007093168715615,1.0
2017-02-01,2017,2,-0.0009528036262953744,-0.0017843253769719175,0.0
2017-03-01,2017,3,0.0001327932754920163,0.000867573408626527,0.0
2017-04-03,2017,4,-0.0010833699490392951,-0.0006694549833345942,1.0
2017-05-01,2017,5,0.0002986002543456278,0.00017583234917766357,0.0
2017-06-01,2017,6,-0.0009577401549219287,0.00011361159192900412,0.0
2017-07-03,2017,7,-0.0012928479209948717,-0.0031100635447188054,1.0
2017-08-01,2017,8,0.0005591860128481346,0.0027393936216977134,0.0
2017-09-01,2017,9,-0.0003774900052367747,-0.002398173169176837,0.0
2017-10-02,2017,10,9.690937873070697e-05,-0.0005144644426248482,1.0
2017-11-01,2017,11,0.00043876643964716307,-0.00013549941599033666,0.0
2017-12-01,2017,12,0.0005149975523615236,0.0007352868922997913,0.0
2018-01-02,2018,1,0.0008079545333171572,-9.966897657066545e-06,0.0
2018-02-01,2018,2,-3.1519241217429394e-05,-0.0001702749598557879,0.0
2018-03-01,2018,3,0.0013439734750477401,0.0018379912275033618,0.0
2018-04-02,2018,4,0.00022601165880530876,0.0004904687310727134,1.0
2018-05-01,2018,5,-0.00015375331848102832,0.0008838483237384151,0.0
2018-06-01,2018,6,-0.0004169209587222661,-0.0017409709647445387,1.0
2018-07-02,2018,7,-0.000951354220120424,-0.0004343500342729139,0.0
2018-08-01,2018,8,0.0007817251041674271,0.0010577084855987137,0.0
2018-09-04,2018,9,0.0001450360155267163,1.747822929745881e-05,1.0
2018-10-01,2018,10,-0.0016324080167138943,-1.8767964834228664e-05,0.0
2018-11-01,2018,11,-0.0029076327997661724,-0.002670364389985009,1.0
2018-12-03,2018,12,-0.0015659939809794022,0.0006350296340387584,0.0
2019-01-02,2019,1,-0.0002412483867128636,-0.0017784615215936767,0.0
2019-02-01,2019,2,-0.0003382541124879311,0.0003211089553026613,1.0
2019-03-01,2019,3,-0.0001528398779472835,-0.0015484380943547025,0.0
2019-04-01,2019,4,0.000406186959266398,-0.0005278595831993785,0.0
2019-05-01,2019,5,-0.001233917293551833,-0.0001358764246602458,1.0
2019-06-03,2019,6,-0.00026402038248070635,0.002363147256263587,0.0
2019-07-01,2019,7,-0.0004281037442039892,0.0007549045254681898,1.0
2019-08-01,2019,8,0.00016897600126305782,0.001903048951231844,1.0
2019-09-03,2019,9,0.002366221559785242,0.004864910187306709,1.0
2019-10-01,2019,10,0.0008753017120386887,0.0025556017027962286,1.0
2019-11-01,2019,11,0.0015082416627205553,0.003761918432419226,1.0
2019-12-02,2019,12,-0.0005228854362363322,-0.000972478010040766,0.0
2020-01-02,2020,1,-0.001288154863163233,0.0008387351697268098,1.0
2020-02-03,2020,2,-0.004925584631856147,-0.002833772863210924,1.0
2020-03-02,2020,3,0.0013648945294470925,0.02041704953157748,0.0
2020-04-01,2020,4,0.17682673156523013,0.1730953542225553,0.0
2020-05-01,2020,5,2.2577058051959088e-05,-0.02286115538340817,1.0
2020-06-01,2020,6,-0.0003734803046789505,-0.002494235036105191,0.0
2020-07-01,2020,7,-0.00018043513541184236,0.0011764627276425112,0.0
2020-08-03,2020,8,-0.000571572750112183,-0.0006462049466329592,1.0
2020-09-01,2020,9,-1.5525134611459906e-05,0.0004913969013685946,0.0
2020-10-01,2020,10,-0.0018891378078606828,-0.0009765525011442011,0.0
2020-11-02,2020,11,0.000709742811625369,-0.0029030303836138803,1.0
2020-12-01,2020,12,-0.0008656395164392892,-0.0013310046378293037,0.0
2021-01-04,2021,1,-0.00015083763434744024,-0.0015261763717585059,0.0
2021-02-01,2021,2,0.00026038415452916085,-0.0008764806973751149,0.0
2021-03-01,2021,3,-0.002659409122272954,-0.001431630758780442,0.0
2021-04-01,2021,4,-0.000869999927481422,-0.0008332372307987663,0.0
2021-05-03,2021,5,0.0012279117545444084,0.0010632262614014177,1.0
2021-06-01,2021,6,0.00015164220296597466,-0.0002692843944805502,1.0
2021-07-01,2021,7,0.002380925727498532,0.0026645548920936914,0.0
2021-08-02,2021,8,0.0025691513302495165,0.003128906776313041,1.0
2021-09-01,2021,9,0.0012953969862263667,0.00036592679538182706,1.0
2021-10-01,2021,10,-0.00041472510916951144,-0.003322276928458524,0.0
2021-11-01,2021,11,0.0011333485260161297,0.003071253092022132,1.0
2021-12-01,2021,12,0.002121271037323101,0.0008268380374991933,1.0
2022-01-03,2022,1,-0.0006938403211494304,-0.003164395768896061,1.0
2022-02-01,2022,2,0.0007267627911175844,0.0006053342980447334,1.0
2022-03-01,2022,3,0.0024816563417292548,0.003696076413288816,1.0
2022-04-01,2022,4,0.0007416453872481077,-0.00037878275529141245,1.0
2022-05-02,2022,5,-0.0005395496596315071,-0.0012732304843734127,0.0
2022-06-01,2022,6,-0.0009478531518074382,-0.0007761215635584565,0.0
2022-07-01,2022,7,-0.001517106376804117,-0.0012373792062487289,0.0
2022-08-01,2022,8,0.0020473518561290654,0.0025085830932792433,0.0
2022-09-01,2022,9,-0.0006233496681366338,-0.0013600127540558816,1.0
2022-10-03,2022,10,0.00012147093312193869,-0.000252273713832994,0.0
2022-11-01,2022,11,0.0011586783717795043,0.002830219733367987,0.0
2022-12-01,2022,12,0.001304620564586684,0.00011676913924150791,1.0
2023-01-03,2023,1,-0.0009135256513562506,-0.0003978744699879411,0.0
2023-02-01,2023,2,-0.001655714804041206,-0.0018143465264916648,1.0
2023-03-01,2023,3,0.0009076381274343968,0.0010238627696496953,1.0
2023-04-03,2023,4,0.000446172261507309,-0.00044815083611384284,1.0
2023-05-01,2023,5,0.000609419101365628,0.0014110902537275074,0.0
2023-06-01,2023,6,0.001239447019431424,0.001642583846244933,1.0
2023-07-03,2023,7,0.0010347677212638518,-0.00023073251879371926,1.0
2023-08-01,2023,8,-0.0004838718036110284,-0.0005874383486861312,1.0
2023-09-01,2023,9,3.4897817595302973e-06,-0.0016536115503140102,1.0
2023-10-02,2023,10,-0.00088241800572096,0.0004942746993158543,0.0
2023-11-01,2023,11,0.00012225533884926843,0.0009726287910342029,1.0
2023-12-01,2023,12,0.0003513051428806147,0.0012410650513454634,0.0
2024-01-02,2024,1,-0.0005811330872524046,-0.0014837782065144317,0.0
2024-02-01,2024,2,-6.823502882319366e-05,-0.0014588456456834542,0.0
2024-03-01,2024,3,-0.00010838813760110089,-0.00017022685382243053,0.0
2024-04-01,2024,4,0.0006669374144676458,0.0009017473076886304,0.0
2024-05-01,2024,5,-0.0007219033220102957,-5.046616934098721e-05,0.0
2024-06-03,2024,6,-0.0006822320566028647,-0.0014260555157285147,0.0
2024-07-01,2024,7,-0.0010328275083695522,-0.001276841363349586,0.0
2024-08-01,2024,8,-0.0005338083970694675,-0.0007012892451038553,0.0
2024-09-03,2024,9,-0.0004832986105361592,-0.000483298604508009,1.0
2024-10-01,2024,10,-0.00041402354182091915,-0.0004140235377285309,1.0
2024-11-01,2024,11,0.0010227458878256102,0.0010227458769189123,1.0
2024-12-02,2024,12,-5.712310898964819e-05,-5.712312265208974e-05,1.0
2025-01-02,2025,1,0.0018079382137872562,0.0018079382110769426,1.0
2025-02-03,2025,2,-0.0014514952550107889,-0.0019762314220783265,1.0
2025-03-03,2025,3,0.00023222368794023352,0.0002735526616151063,1.0
2025-04-01,2025,4,-0.0011291210398752698,-0.0012517449798054026,0.0
2025-05-01,2025,5,-0.00043294313728848264,-0.00027630378456316204,0.0
2025-06-02,2025,6,-0.0033919534697526175,-0.0033919534733633295,1.0
2025-07-01,2025,7,0.0001891603856078349,0.00018916038556755904,1.0
2025-08-01,2025,8,0.000849885262255421,0.0008498852555442656,1.0
2025-09-02,2025,9,0.0008154815791066662,0.0008154815770123257,1.0
2025-10-01,2025,10,0.0008485769074042672,0.0008485769039927979,1.0
2025-11-03,2025,11,-0.0009039049386819004,-0.0010311922826974059,1.0
2025-12-01,2025,12,0.0012309371227498332,0.0012864403000750506,0.0
2026-01-02,2026,1,0.0003711603764660565,0.0003711603642071348,1.0
2026-02-02,2026,2,7.325870662645036e-05,-0.0006141244949898411,1.0
2026-03-02,2026,3,0.0007529876536886799,-0.012022436004352087,1.0
,TOTAL,annualized,0.19127302178359806,0.1358551074545329,
