롤결정일,연도,월,시장상황,정적_롤아웃_월물,정적_롤인_월물,동적_롤아웃_월물,동적_롤인_월물,롤실행여부,최적월물셋(DRA),정적_IRY,동적_IRY,IRY_절감액,static_pure_iry,dynamic_pure_iry,pure_iry_saving,정적_체결금액(달러),동적_체결금액(달러),체결금액_차이(달러)
2016-01-11,2016,1,Contango,CLG16,CLH16,CLG16,CLF17,True,"['CLF17', 'CLV16', 'CLX16']",-0.03413284132841337,-0.019109881820467696,0.015022959507945674,-0.03413284132841337,-0.019109881820467696,0.015022959507945674,31586000.0,38296000.0,6710000.0
2016-02-08,2016,2,Contango,CLH16,CLJ16,CLF17,CLF17,False,"['CLG17', 'CLF17', 'CLZ16']",-0.0616308470290771,0.0,0.0616308470290771,-0.0616308470290771,0.0,0.0616308470290771,30356000.0,0.0,-30356000.0
2016-03-08,2016,3,Contango,CLJ16,CLK16,CLF17,CLF17,False,"['CLH17', 'CLG17', 'CLF17']",-0.04997397188964085,0.0,0.04997397188964085,-0.04997397188964085,0.0,0.04997397188964085,39364000.0,0.0,-39364000.0
2016-04-08,2016,4,Contango,CLK16,CLM16,CLF17,CLJ17,True,"['CLJ17', 'CLH17', 'CLG17']",-0.030983166626006416,-0.004511617414843232,0.026471549211163185,-0.030983166626006416,-0.004511617414843232,0.026471549211163185,42384000.0,45646000.0,3262000.0
2016-05-09,2016,5,Contango,CLM16,CLN16,CLJ17,CLJ17,False,"['CLJ17', 'CLK17', 'CLH17']",-0.013399954576425241,0.0,0.013399954576425241,-0.013399954576425241,0.0,0.013399954576425241,46148000.0,0.0,-46148000.0
2016-06-08,2016,6,Contango,CLN16,CLQ16,CLJ17,CLJ17,False,"['CLM17', 'CLK17', 'CLJ17']",-0.0117669753086421,0.0,0.0117669753086421,-0.0117669753086421,0.0,0.0117669753086421,50272000.0,0.0,-50272000.0
2016-07-11,2016,7,Contango,CLQ16,CLU16,CLJ17,CLN17,True,"['CLN17', 'CLM17', 'CLK17']",-0.01669595782073825,-0.005702539619388678,0.01099341820134957,-0.01669595782073825,-0.005702539619388678,0.01099341820134957,46320000.0,50752000.0,4432000.0
2016-08-08,2016,8,Contango,CLU16,CLV16,CLN17,CLN17,False,"['CLQ17', 'CLN17', 'CLM17']",-0.01691042047531981,0.0,0.01691042047531981,-0.01691042047531981,0.0,0.01691042047531981,43826000.0,0.0,-43826000.0
2016-09-09,2016,9,Contango,CLV16,CLX16,CLN17,CLN17,False,"['CLU17', 'CLQ17', 'CLN17']",-0.012483857081360274,0.0,0.012483857081360274,-0.012483857081360274,0.0,0.012483857081360274,45490000.0,0.0,-45490000.0
2016-10-10,2016,10,Contango,CLX16,CLZ16,CLN17,CLV17,True,"['CLV17', 'CLU17', 'CLQ17']",-0.010025062656641527,-0.0020730443265654743,0.007952018330076053,-0.010025062656641527,-0.0020730443265654743,0.007952018330076053,51070000.0,53966000.0,2896000.0
2016-11-08,2016,11,Contango,CLZ16,CLF17,CLV17,CLV17,False,"['CLX17', 'CLV17', 'CLU17']",-0.013812760359570325,0.0,0.013812760359570325,-0.013812760359570325,0.0,0.013812760359570325,45000000.0,0.0,-45000000.0
2016-12-08,2016,12,Contango,CLF17,CLG17,CLV17,CLV17,False,"['CLX17', 'CLV17', 'CLZ17']",-0.0200462606013878,0.0,0.0200462606013878,-0.0200462606013878,0.0,0.0200462606013878,52820000.0,0.0,-52820000.0
2017-01-10,2017,1,Contango,CLG17,CLH17,CLV17,CLF18,True,"['CLF18', 'CLZ17', 'CLX17']",-0.01702127659574473,-0.001692354185554555,0.015328922410190175,-0.01702127659574473,-0.001692354185554555,0.015328922410190175,53002000.0,56226000.0,3224000.0
2017-02-08,2017,2,Contango,CLH17,CLJ17,CLF18,CLF18,False,"['CLG18', 'CLF18', 'CLZ17']",-0.010773010773010645,0.0,0.010773010773010645,-0.010773010773010645,0.0,0.010773010773010645,53568000.0,0.0,-53568000.0
2017-03-08,2017,3,Contango,CLJ17,CLK17,CLF18,CLF18,False,"['CLH18', 'CLG18', 'CLF18']",-0.010820381664371378,0.0,0.010820381664371378,-0.010820381664371378,0.0,0.010820381664371378,49396000.0,0.0,-49396000.0
2017-04-10,2017,4,Contango,CLK17,CLM17,CLF18,CLJ18,True,"['CLJ18', 'CLH18', 'CLG18']",-0.0074794315632011705,0.0009213193292795195,0.00840075089248069,-0.0074794315632011705,0.0009213193292795195,0.00840075089248069,53500000.0,54528000.0,1028000.0
2017-05-08,2017,5,Contango,CLM17,CLN17,CLJ18,CLJ18,False,"['CLK18', 'CLJ18', 'CLH18']",-0.00875320239111878,0.0,0.00875320239111878,-0.00875320239111878,0.0,0.00875320239111878,47436000.0,0.0,-47436000.0
2017-06-08,2017,6,Contango,CLN17,CLQ17,CLJ18,CLJ18,False,"['CLM18', 'CLK18', 'CLJ18']",-0.005447809980387884,0.0,0.005447809980387884,-0.005447809980387884,0.0,0.005447809980387884,45976000.0,0.0,-45976000.0
2017-07-11,2017,7,Contango,CLQ17,CLU17,CLJ18,CLN18,True,"['CLN18', 'CLM18', 'CLV17']",-0.0042007517134644646,-0.0035948403467963488,0.0006059113666681158,-0.0042007517134644646,-0.0035948403467963488,0.0006059113666681158,46024000.0,47744000.0,1720000.0
2017-08-08,2017,8,Contango,CLU17,CLV17,CLN18,CLN18,False,"['CLN18', 'CLQ18', 'CLM18']",-0.0036474164133738544,0.0,0.0036474164133738544,-0.0036474164133738544,0.0,0.0036474164133738544,48904000.0,0.0,-48904000.0
2017-09-11,2017,9,Contango,CLV17,CLX17,CLN18,CLN18,False,"['CLQ18', 'CLU18', 'CLN18']",-0.011312217194570078,0.0,0.011312217194570078,-0.011312217194570078,0.0,0.011312217194570078,49582000.0,0.0,-49582000.0
2017-10-09,2017,10,Contango,CLX17,CLZ17,CLN18,CLV18,True,"['CLV18', 'CLU18', 'CLQ18']",-0.007009813739234957,0.0007911392405063122,0.00780095297974127,-0.007009813739234957,0.0007911392405063122,0.00780095297974127,51084000.0,51418000.0,334000.0
2017-11-08,2017,11,Contango,CLZ17,CLF18,CLV18,CLV18,False,"['CLV18', 'CLX18', 'CLU18']",-0.00420683610867651,0.0,0.00420683610867651,-0.00420683610867651,0.0,0.00420683610867651,56856000.0,0.0,-56856000.0
2017-12-08,2017,12,Contango,CLF18,CLG18,CLV18,CLV18,False,"['CLX18', 'CLV18', 'CLU18']",-0.0013927576601671012,0.0,0.0013927576601671012,-0.0013927576601671012,0.0,0.0013927576601671012,57264000.0,0.0,-57264000.0
2018-01-09,2018,1,Backwardation,CLG18,CLH18,CLV18,CLV18,False,"['CLX18', 'CLV18', 'CLU18']",0.0014315253698107748,0.0,-0.0014315253698107748,0.0014315253698107748,0.0,-0.0014315253698107748,63574000.0,0.0,-63574000.0
2018-02-08,2018,2,Backwardation,CLH18,CLJ18,CLV18,CLV18,False,"['CLU18', 'CLQ18', 'CLV18']",0.0034460124712832434,0.0,-0.0034460124712832434,0.0034460124712832434,0.0,-0.0034460124712832434,59710000.0,0.0,-59710000.0
2018-03-08,2018,3,Backwardation,CLJ18,CLK18,CLV18,CLV18,False,"['CLV18', 'CLU18', 'CLX18']",0.0009990009990009186,0.0,-0.0009990009990009186,0.0009990009990009186,0.0,-0.0009990009990009186,61016000.0,0.0,-61016000.0
2018-04-09,2018,4,Contango,CLK18,CLM18,CLV18,CLG19,True,"['CLG19', 'CLH19', 'CLJ19']",-0.00015765410688945312,0.006698643731392646,0.006856297838282099,-0.00015765410688945312,0.006698643731392646,0.006856297838282099,65978000.0,62060000.0,-3918000.0
2018-05-08,2018,5,Backwardation,CLM18,CLN18,CLG19,CLG19,False,"['CLJ19', 'CLH19', 'CLG19']",0.0013049151805133161,0.0,-0.0013049151805133161,0.0013049151805133161,0.0,-0.0013049151805133161,70600000.0,0.0,-70600000.0
2018-06-08,2018,6,Backwardation,CLN18,CLQ18,CLG19,CLV18,True,"['CLV18', 'CLM19', 'CLK19']",0.0010659357393024696,-0.012450046111281927,-0.013515981850584398,0.0010659357393024696,-0.012450046111281927,-0.013515981850584398,66238000.0,65526000.0,-712000.0
2018-07-10,2018,7,Backwardation,CLQ18,CLU18,CLV18,CLV18,False,"['CLV18', 'CLU18', 'CLX18']",0.021361631753031934,0.0,-0.021361631753031934,0.021361631753031934,0.0,-0.021361631753031934,69558000.0,0.0,-69558000.0
2018-08-08,2018,8,Backwardation,CLU18,CLV18,CLV18,CLV18,False,"['CLV18', 'CLX18', 'CLG19']",0.010415094339622608,0.0,-0.010415094339622608,0.010415094339622608,0.0,-0.010415094339622608,66446000.0,0.0,-66446000.0
2018-09-11,2018,9,Backwardation,CLV18,CLX18,CLV18,CLQ19,True,"['CLQ19', 'CLU19', 'CLN19']",0.0030417149478562245,0.003265732180137187,0.00022401723228096266,0.0030417149478562245,0.003265732180137187,0.00022401723228096266,69012000.0,67188000.0,-1824000.0
2018-10-08,2018,10,Backwardation,CLX18,CLZ18,CLQ19,CLQ19,False,"['CLV19', 'CLU19', 'CLQ19']",0.0016179048132668808,0.0,-0.0016179048132668808,0.0016179048132668808,0.0,-0.0016179048132668808,72800000.0,0.0,-72800000.0
2018-11-08,2018,11,Contango,CLZ18,CLF19,CLQ19,CLX19,True,"['CLX19', 'CLV19', 'CLU19']",-0.003121919158724905,-0.0012254901960784526,0.0018964289626464525,-0.003121919158724905,-0.0012254901960784526,0.0018964289626464525,58716000.0,60262000.0,1546000.0
2018-12-10,2018,12,Contango,CLF19,CLG19,CLX19,CLX19,False,"['CLZ19', 'CLX19', 'CLV19']",-0.0039062500000000555,0.0,0.0039062500000000555,-0.0039062500000000555,0.0,0.0039062500000000555,51740000.0,0.0,-51740000.0
2019-01-09,2019,1,Contango,CLG19,CLH19,CLX19,CLX19,False,"['CLF20', 'CLZ19', 'CLX19']",-0.0062630480167014295,0.0,0.0062630480167014295,-0.0062630480167014295,0.0,0.0062630480167014295,52140000.0,0.0,-52140000.0
2019-02-08,2019,2,Contango,CLH19,CLJ19,CLX19,CLG20,True,"['CLG20', 'CLF20', 'CLZ19']",-0.006969297419476446,-6.022282445045474e-05,0.0069090745950259914,-0.006969297419476446,-6.022282445045474e-05,0.0069090745950259914,53688000.0,56018000.0,2330000.0
2019-03-08,2019,3,Contango,CLJ19,CLK19,CLG20,CLG20,False,"['CLH20', 'CLG20', 'CLF20']",-0.006379585326953738,0.0,0.006379585326953738,-0.006379585326953738,0.0,0.006379585326953738,57650000.0,0.0,-57650000.0
2019-04-08,2019,4,Backwardation,CLK19,CLM19,CLG20,CLG20,False,"['CLJ20', 'CLH20', 'CLG20']",0.001088139281828189,0.0,-0.001088139281828189,0.001088139281828189,0.0,-0.001088139281828189,64126000.0,0.0,-64126000.0
2019-05-08,2019,5,Contango,CLM19,CLN19,CLG20,CLH20,True,"['CLH20', 'CLJ20', 'CLK20']",-0.001607200257152064,0.0059454995871180754,0.0075526998442701394,-0.001607200257152064,0.0059454995871180754,0.0075526998442701394,61800000.0,60324000.0,-1476000.0
2019-06-10,2019,6,Contango,CLN19,CLQ19,CLH20,CLH20,False,"['CLZ19', 'CLH20', 'CLM20']",0.0,0.0,0.0,0.0,0.0,0.0,53494000.0,0.0,-53494000.0
2019-07-09,2019,7,Contango,CLQ19,CLU19,CLH20,CLZ19,True,"['CLZ19', 'CLM20', 'CLJ20']",0.0,0.03217061268751132,0.03217061268751132,0.0,0.03217061268751132,0.03217061268751132,54844000.0,54844000.0,0.0
2019-08-08,2019,8,Contango,CLU19,CLV19,CLZ19,CLF20,True,"['CLF20', 'CLX19', 'CLG20']",0.0,0.0400925212027756,0.0400925212027756,0.0,0.0400925212027756,0.0400925212027756,54894000.0,53938000.0,-956000.0
2019-09-10,2019,9,Contango,CLV19,CLX19,CLF20,CLZ19,True,"['CLZ19', 'CLG20', 'CLJ20']",-0.05184150811659974,0.04197349042709869,0.09381499854369843,-0.05184150811659974,0.04197349042709869,0.09381499854369843,57096000.0,53914000.0,-3182000.0
2019-10-08,2019,10,Contango,CLX19,CLZ19,CLZ19,CLF20,True,"['CLF20', 'CLN20', 'CLM20']",-0.010342233922527212,0.01314536102114684,0.023487594943674053,-0.010342233922527212,0.01314536102114684,0.023487594943674053,52598000.0,53352000.0,754000.0
2019-11-08,2019,11,Contango,CLZ19,CLF20,CLF20,CLM20,True,"['CLM20', 'CLN20', 'CLQ20']",-0.08068459657701707,0.006156615661566159,0.08684121223858322,-0.08068459657701707,0.006156615661566159,0.08684121223858322,57018000.0,55496000.0,-1522000.0
2019-12-09,2019,12,Backwardation,CLF20,CLG20,CLM20,CLM20,False,"['CLN20', 'CLQ20', 'CLM20']",0.0016972165648336968,0.0,-0.0016972165648336968,0.0016972165648336968,0.0,-0.0016972165648336968,59150000.0,0.0,-59150000.0
2020-01-09,2020,1,Backwardation,CLG20,CLH20,CLM20,CLU20,True,"['CLU20', 'CLQ20', 'CLV20']",0.0020188425302827147,0.00833333333333333,0.006314490803050615,0.0020188425302827147,0.00833333333333333,0.006314490803050615,58522000.0,56640000.0,-1882000.0
2020-02-10,2020,2,Contango,CLH20,CLJ20,CLU20,CLG21,True,"['CLG21', 'CLF21', 'CLZ20']",-0.004218561671353974,-0.00023645320197045232,0.0039821084693835215,-0.004218561671353974,-0.00023645320197045232,0.0039821084693835215,51068000.0,51494000.0,426000.0
2020-03-09,2020,3,Contango,CLJ20,CLK20,CLG21,CLG21,False,"['CLK20', 'CLH21', 'CLG21']",-0.010803940260565614,0.0,0.010803940260565614,-0.010803940260565614,0.0,0.010803940260565614,32736000.0,0.0,-32736000.0
2020-04-08,2020,4,Contango,CLK20,CLM20,CLG21,CLG21,False,"['CLJ21', 'CLH21', 'CLG21']",-0.16837918462048398,0.0,0.16837918462048398,-0.16837918462048398,0.0,0.16837918462048398,28338000.0,0.0,-28338000.0
2020-05-08,2020,5,Contango,CLM20,CLN20,CLG21,CLK21,True,"['CLK21', 'CLJ21', 'CLH21']",-0.054642720672525916,-0.010664318559827838,0.04397840211269808,-0.054642720672525916,-0.010664318559827838,0.04397840211269808,26228000.0,32966000.0,6738000.0
2020-06-08,2020,6,Contango,CLN20,CLQ20,CLK21,CLK21,False,"['CLF21', 'CLK21', 'CLX20']",-0.006245120999219412,0.0,0.006245120999219412,-0.006245120999219412,0.0,0.006245120999219412,38090000.0,0.0,-38090000.0
2020-07-09,2020,7,Contango,CLQ20,CLU20,CLK21,CLK21,False,"['CLN21', 'CLM21', 'CLK21']",-0.005272407732864697,0.0,0.005272407732864697,-0.005272407732864697,0.0,0.005272407732864697,40572000.0,0.0,-40572000.0
2020-08-10,2020,8,Contango,CLU20,CLV20,CLK21,CLQ21,True,"['CLQ21', 'CLN21', 'CLM21']",-0.005454114299264974,-0.002855425308085382,0.0025986889911795924,-0.005454114299264974,-0.002855425308085382,0.0025986889911795924,42364000.0,44524000.0,2160000.0
2020-09-09,2020,9,Contango,CLV20,CLX20,CLQ21,CLQ21,False,"['CLU21', 'CLQ21', 'CLN21']",-0.009372559229367338,0.0,0.009372559229367338,-0.009372559229367338,0.0,0.009372559229367338,37966000.0,0.0,-37966000.0
2020-10-08,2020,10,Contango,CLX20,CLZ20,CLQ21,CLQ21,False,"['CLV21', 'CLU21', 'CLQ21']",-0.006751868820834366,0.0,0.006751868820834366,-0.006751868820834366,0.0,0.006751868820834366,40788000.0,0.0,-40788000.0
2020-11-09,2020,11,Contango,CLZ20,CLF21,CLQ21,CLV21,True,"['CLV21', 'CLX21', 'CLU21']",-0.00812407680945343,-0.002464210279277175,0.005659866530176256,-0.00812407680945343,-0.002464210279277175,0.005659866530176256,41168000.0,42906000.0,1738000.0
2020-12-08,2020,12,Contango,CLF21,CLG21,CLV21,CLV21,False,"['CLV21', 'CLZ21', 'CLX21']",-0.004366812227074143,0.0,0.004366812227074143,-0.004366812227074143,0.0,0.004366812227074143,46476000.0,0.0,-46476000.0
2021-01-11,2021,1,Contango,CLG21,CLH21,CLV21,CLV21,False,"['CLF22', 'CLV21', 'CLU21']",-0.0003826286588866104,0.0,0.0003826286588866104,-0.0003826286588866104,0.0,0.0003826286588866104,52902000.0,0.0,-52902000.0
2021-02-08,2021,2,Backwardation,CLH21,CLJ21,CLV21,CLV21,False,"['CLU21', 'CLQ21', 'CLV21']",0.0024208888120352857,0.0,-0.0024208888120352857,0.0024208888120352857,0.0,-0.0024208888120352857,58434000.0,0.0,-58434000.0
2021-03-08,2021,3,Backwardation,CLJ21,CLK21,CLV21,CLV21,False,"['CLU21', 'CLV21', 'CLQ21']",0.00184814415524396,0.0,-0.00184814415524396,0.00184814415524396,0.0,-0.00184814415524396,64996000.0,0.0,-64996000.0
2021-04-09,2021,4,Contango,CLK21,CLM21,CLV21,CLV21,False,"['CLZ21', 'CLX21', 'CLV21']",-0.0005054759898904993,0.0,0.0005054759898904993,-0.0005054759898904993,0.0,0.0005054759898904993,61214000.0,0.0,-61214000.0
2021-05-10,2021,5,Contango,CLM21,CLN21,CLV21,CLG22,True,"['CLG22', 'CLF22', 'CLZ21']",-0.00015401201293708787,0.007017965992941931,0.007171978005879019,-0.00015401201293708787,0.007017965992941931,0.007171978005879019,65106000.0,62528000.0,-2578000.0
2021-06-08,2021,6,Backwardation,CLN21,CLQ21,CLG22,CLV21,True,"['CLV21', 'CLX21', 'CLZ21']",0.002576212966938494,-0.03549090909090906,-0.038067122057847555,0.002576212966938494,-0.03549090909090906,-0.038067122057847555,70196000.0,68954000.0,-1242000.0
2021-07-09,2021,7,Backwardation,CLQ21,CLU21,CLV21,CLV21,False,"['CLV21', 'CLX21', 'CLZ21']",0.01016122476629183,0.0,-0.01016122476629183,0.01016122476629183,0.0,-0.01016122476629183,73192000.0,0.0,-73192000.0
2021-08-09,2021,8,Backwardation,CLU21,CLV21,CLV21,CLG22,True,"['CLG22', 'CLH22', 'CLN22']",0.0027149321266969357,0.0057475698194722835,0.003032637692775348,0.0027149321266969357,0.0057475698194722835,0.003032637692775348,68098000.0,66422000.0,-1676000.0
2021-09-09,2021,9,Backwardation,CLV21,CLX21,CLG22,CLU22,True,"['CLU22', 'CLN22', 'CLQ22']",0.0032391048292108194,0.00596350689808632,0.0027244020688755007,0.0032391048292108194,0.00596350689808632,0.0027244020688755007,70028000.0,65722000.0,-4306000.0
2021-10-08,2021,10,Backwardation,CLX21,CLZ21,CLU22,CLU22,False,"['CLF22', 'CLG22', 'CLU22']",0.007491112239715454,0.0,-0.007491112239715454,0.007491112239715454,0.0,-0.007491112239715454,79838000.0,0.0,-79838000.0
2021-11-08,2021,11,Backwardation,CLZ21,CLF22,CLU22,CLH22,True,"['CLH22', 'CLF22', 'CLG22']",0.014738667327223334,-0.058545918367346975,-0.0732845856945703,0.014738667327223334,-0.058545918367346975,-0.0732845856945703,80694000.0,78102000.0,-2592000.0
2021-12-08,2021,12,Backwardation,CLF22,CLG22,CLH22,CLZ22,True,"['CLZ22', 'CLX22', 'CLV22']",0.0024937655860348103,0.00468666956563755,0.0021929039796027396,0.0024937655860348103,0.00468666956563755,0.0021929039796027396,71206000.0,68112000.0,-3094000.0
2022-01-10,2022,1,Backwardation,CLG22,CLH22,CLZ22,CLU22,True,"['CLU22', 'CLV22', 'CLQ22']",0.006821106821106836,-0.025443226417647794,-0.03226433323875463,0.006821106821106836,-0.025443226417647794,-0.03226433323875463,81062000.0,76486000.0,-4576000.0
2022-02-08,2022,2,Backwardation,CLH22,CLJ22,CLU22,CLJ22,True,"['CLJ22', 'CLK22', 'CLM22']",0.016609783845278652,-0.06621160409556322,-0.08282138794084187,0.016609783845278652,-0.06621160409556322,-0.08282138794084187,89982000.0,89982000.0,0.0
2022-03-08,2022,3,Backwardation,CLJ22,CLK22,CLJ22,CLN22,True,"['CLN22', 'CLM22', 'CLQ22']",0.03384872544922689,0.03870793106559597,0.004859205616369079,0.03384872544922689,0.03870793106559597,0.004859205616369079,107034000.0,100228000.0,-6806000.0
2022-04-08,2022,4,Backwardation,CLK22,CLM22,CLN22,CLV22,True,"['CLV22', 'CLG23', 'CLX22']",0.005423104471503132,0.008275230650045807,0.0028521261785426745,0.005423104471503132,0.008275230650045807,0.0028521261785426745,100394000.0,96676000.0,-3718000.0
2022-05-09,2022,5,Backwardation,CLM22,CLN22,CLV22,CLV22,False,"['CLU22', 'CLV22', 'CLX22']",0.012970423503979634,0.0,-0.012970423503979634,0.012970423503979634,0.0,-0.012970423503979634,103456000.0,0.0,-103456000.0
2022-06-08,2022,6,Backwardation,CLN22,CLQ22,CLV22,CLV22,False,"['CLV22', 'CLU22', 'CLX22']",0.019452329270328923,0.0,-0.019452329270328923,0.019452329270328923,0.0,-0.019452329270328923,118300000.0,0.0,-118300000.0
2022-07-11,2022,7,Backwardation,CLQ22,CLU22,CLV22,CLV22,False,"['CLV22', 'CLU22', 'CLX22']",0.028455686197016203,0.0,-0.028455686197016203,0.028455686197016203,0.0,-0.028455686197016203,95150000.0,0.0,-95150000.0
2022-08-08,2022,8,Backwardation,CLU22,CLV22,CLV22,CLV22,False,"['CLG23', 'CLF23', 'CLV22']",0.00922940064494605,0.0,-0.00922940064494605,0.00922940064494605,0.0,-0.00922940064494605,91158000.0,0.0,-91158000.0
2022-09-09,2022,9,Backwardation,CLV22,CLX22,CLV22,CLH23,True,"['CLH23', 'CLJ23', 'CLG23']",0.0049791570171376425,0.007631578947368449,0.0026524219302308067,0.0049791570171376425,0.007631578947368449,0.0026524219302308067,86672000.0,83660000.0,-3012000.0
2022-10-10,2022,10,Backwardation,CLX22,CLZ22,CLH23,CLH23,False,"['CLG23', 'CLH23', 'CLF23']",0.01435886019590374,0.0,-0.01435886019590374,0.01435886019590374,0.0,-0.01435886019590374,87294000.0,0.0,-87294000.0
2022-11-08,2022,11,Backwardation,CLZ22,CLF23,CLH23,CLH23,False,"['CLH23', 'CLG23', 'CLJ23']",0.010340909090909052,0.0,-0.010340909090909052,0.010340909090909052,0.0,-0.010340909090909052,86396000.0,0.0,-86396000.0
2022-12-08,2022,12,Contango,CLF23,CLG23,CLH23,CLZ23,True,"['CLZ23', 'CLX23', 'CLV23']",-0.001676445934618672,0.0005918449989097521,0.0022682909335284243,-0.001676445934618672,0.0005918449989097521,0.0022682909335284243,73764000.0,72902000.0,-862000.0
2023-01-10,2023,1,Contango,CLG23,CLH23,CLZ23,CLZ23,False,"['CLF24', 'CLZ23', 'CLX23']",-0.003316969616558312,0.0,0.003316969616558312,-0.003316969616558312,0.0,0.003316969616558312,78452000.0,0.0,-78452000.0
2023-02-08,2023,2,Contango,CLH23,CLJ23,CLZ23,CLX23,True,"['CLX23', 'CLF24', 'CLG24']",-0.0027957809124412106,-0.006388526727509896,-0.0035927458150686858,-0.0027957809124412106,-0.006388526727509896,-0.0035927458150686858,79290000.0,77186000.0,-2104000.0
2023-03-08,2023,3,Contango,CLJ23,CLK23,CLX23,CLG24,True,"['CLG24', 'CLZ23', 'CLF24']",-0.0019528707199584128,0.006194610236932558,0.008147480956890971,-0.0019528707199584128,0.006194610236932558,0.008147480956890971,75166000.0,72324000.0,-2842000.0
2023-04-11,2023,4,Backwardation,CLK23,CLM23,CLG24,CLV23,True,"['CLV23', 'CLX23', 'CLZ23']",0.0004908577739600718,-0.03461781427668994,-0.03510867205065001,0.0004908577739600718,-0.03461781427668994,-0.03510867205065001,81976000.0,79602000.0,-2374000.0
2023-05-08,2023,5,Backwardation,CLM23,CLN23,CLV23,CLV23,False,"['CLX23', 'CLV23', 'CLZ23']",0.0012316956343232984,0.0,-0.0012316956343232984,0.0012316956343232984,0.0,-0.0012316956343232984,72022000.0,0.0,-72022000.0
2023-06-08,2023,6,Contango,CLN23,CLQ23,CLV23,CLZ23,True,"['CLZ23', 'CLF24', 'CLG24']",-0.0020996640537512806,0.005338078291814947,0.007437742345566227,-0.0020996640537512806,0.005338078291814947,0.007437742345566227,69420000.0,68660000.0,-760000.0
2023-07-11,2023,7,Backwardation,CLQ23,CLU23,CLZ23,CLN24,True,"['CLN24', 'CLG24', 'CLH24']",0.0016062106813010916,0.00484600905122352,0.003239798369922429,0.0016062106813010916,0.00484600905122352,0.003239798369922429,75282000.0,71808000.0,-3474000.0
2023-08-08,2023,8,Backwardation,CLU23,CLV23,CLN24,CLV23,True,"['CLV23', 'CLG24', 'CLF24']",0.006799417192812072,-0.05245264691597855,-0.05925206410879062,0.006799417192812072,-0.05245264691597855,-0.05925206410879062,82566000.0,82566000.0,0.0
2023-09-11,2023,9,Backwardation,CLV23,CLX23,CLV23,CLG24,True,"['CLG24', 'CLF24', 'CLH24']",0.007269789983845023,0.008713692946058128,0.0014439029622131047,0.007269789983845023,0.008713692946058128,0.0014439029622131047,88466000.0,85836000.0,-2630000.0
2023-10-09,2023,10,Backwardation,CLX23,CLZ23,CLG24,CLG24,False,"['CLZ23', 'CLF24', 'CLG24']",0.021040189125295525,0.0,-0.021040189125295525,0.021040189125295525,0.0,-0.021040189125295525,83790000.0,0.0,-83790000.0
2023-11-08,2023,11,Backwardation,CLZ23,CLF24,CLG24,CLV24,True,"['CLV24', 'CLX24', 'CLU24']",0.00026556898154290293,0.0037712561711464665,0.0035056871896035637,0.00026556898154290293,0.0037712561711464665,0.0035056871896035637,76914000.0,74330000.0,-2584000.0
2023-12-08,2023,12,Contango,CLF24,CLG24,CLV24,CLV24,False,"['CLV24', 'CLZ24', 'CLX24']",-0.0029395296752518724,0.0,0.0029395296752518724,-0.0029395296752518724,0.0,0.0029395296752518724,70696000.0,0.0,-70696000.0
2024-01-09,2024,1,Contango,CLG24,CLH24,CLV24,CLV24,False,"['CLV24', 'CLF25', 'CLZ24']",-0.0006916585973165218,0.0,0.0006916585973165218,-0.0006916585973165218,0.0,0.0006916585973165218,72226000.0,0.0,-72226000.0
2024-02-08,2024,2,Backwardation,CLH24,CLJ24,CLV24,CLV24,False,"['CLV24', 'CLU24', 'CLZ24']",0.0003937524609528959,0.0,-0.0003937524609528959,0.0003937524609528959,0.0,-0.0003937524609528959,76740000.0,0.0,-76740000.0
2024-03-08,2024,3,Backwardation,CLJ24,CLK24,CLV24,CLV24,False,"['CLV24', 'CLU24', 'CLQ24']",0.006580645161290389,0.0,-0.006580645161290389,0.006580645161290389,0.0,-0.006580645161290389,78464000.0,0.0,-78464000.0
2024-04-08,2024,4,Backwardation,CLK24,CLM24,CLV24,CLV24,False,"['CLV24', 'CLU24', 'CLQ24']",0.010522623640827846,0.0,-0.010522623640827846,0.010522623640827846,0.0,-0.010522623640827846,84992000.0,0.0,-84992000.0
2024-05-08,2024,5,Backwardation,CLM24,CLN24,CLV24,CLV24,False,"['CLV24', 'CLX24', 'CLU24']",0.0054735234215885,0.0,-0.0054735234215885,0.0054735234215885,0.0,-0.0054735234215885,78290000.0,0.0,-78290000.0
2024-06-10,2024,6,Backwardation,CLN24,CLQ24,CLV24,CLV24,False,"['CLV24', 'CLX24', 'CLZ24']",0.005301952670373679,0.0,-0.005301952670373679,0.005301952670373679,0.0,-0.005301952670373679,77868000.0,0.0,-77868000.0
2024-07-09,2024,7,Backwardation,CLQ24,CLU24,CLV24,CLV24,False,"['CLV24', 'CLU24', 'CLX24']",0.010551142005958221,0.0,-0.010551142005958221,0.010551142005958221,0.0,-0.010551142005958221,80974000.0,0.0,-80974000.0
2024-08-08,2024,8,Backwardation,CLU24,CLV24,CLV24,CLV24,False,"['CLV24', 'CLX24', 'CLZ24']",0.015325159914712038,0.0,-0.015325159914712038,0.015325159914712038,0.0,-0.015325159914712038,76350000.0,0.0,-76350000.0
2024-09-10,2024,9,Backwardation,CLV24,CLX24,CLV24,CLX24,True,"['CLX24', 'CLZ24', 'CLF25']",0.009364445809026702,0.009364445809026702,0.0,0.009364445809026702,0.009364445809026702,0.0,67332000.0,67332000.0,0.0
2024-10-08,2024,10,Backwardation,CLX24,CLZ24,CLX24,CLZ24,True,"['CLZ24', 'CLF25', 'CLG25']",0.008084406686763348,0.008084406686763348,0.0,0.008084406686763348,0.008084406686763348,0.0,73754000.0,73754000.0,0.0
2024-11-08,2024,11,Backwardation,CLZ24,CLF25,CLZ24,CLF25,True,"['CLF25', 'CLG25', 'CLH25']",0.0038510911424903156,0.0038510911424903156,0.0,0.0038510911424903156,0.0038510911424903156,0.0,68558000.0,68558000.0,0.0
2024-12-09,2024,12,Backwardation,CLF25,CLG25,CLF25,CLG25,True,"['CLG25', 'CLV25', 'CLH25']",0.004112204435306229,0.004112204435306229,0.0,0.004112204435306229,0.004112204435306229,0.0,69342000.0,69342000.0,0.0
2025-01-09,2025,1,Backwardation,CLG25,CLH25,CLG25,CLH25,True,"['CLH25', 'CLJ25', 'CLK25']",0.009284543965046516,0.009284543965046516,0.0,0.009284543965046516,0.009284543965046516,0.0,76274000.0,76274000.0,0.0
2025-02-10,2025,2,Backwardation,CLH25,CLJ25,CLH25,CLU25,True,"['CLU25', 'CLV25', 'CLQ25']",0.004304957644771393,0.005745482286749623,0.0014405246419782296,0.004304957644771393,0.005745482286749623,0.0014405246419782296,71636000.0,69816000.0,-1820000.0
2025-03-10,2025,3,Backwardation,CLJ25,CLK25,CLU25,CLN25,True,"['CLN25', 'CLQ25', 'CLM25']",0.005328867235079085,-0.012490362374710687,-0.017819229609789773,0.005328867235079085,-0.012490362374710687,-0.017819229609789773,66434000.0,65608000.0,-826000.0
2025-04-08,2025,4,Backwardation,CLK25,CLM25,CLN25,CLN25,False,"['CLM25', 'CLN25', 'CLQ25']",0.00812182741116746,0.0,-0.00812182741116746,0.00812182741116746,0.0,-0.00812182741116746,60500000.0,0.0,-60500000.0
2025-05-08,2025,5,Backwardation,CLM25,CLN25,CLN25,CLN25,False,"['CLQ25', 'CLN25', 'CLU25']",0.0065524193548386,0.0,-0.0065524193548386,0.0065524193548386,0.0,-0.0065524193548386,61518000.0,0.0,-61518000.0
2025-06-09,2025,6,Backwardation,CLN25,CLQ25,CLN25,CLQ25,True,"['CLQ25', 'CLU25', 'CLV25']",0.016661476175646332,0.016661476175646332,0.0,0.016661476175646332,0.016661476175646332,0.0,66592000.0,66592000.0,0.0
2025-07-09,2025,7,Backwardation,CLQ25,CLU25,CLQ25,CLU25,True,"['CLU25', 'CLV25', 'CLX25']",0.021054203374645312,0.021054203374645312,0.0,0.021054203374645312,0.021054203374645312,0.0,66114000.0,66114000.0,0.0
2025-08-08,2025,8,Backwardation,CLU25,CLV25,CLU25,CLV25,True,"['CLV25', 'CLX25', 'CLZ25']",0.013968253968254008,0.013968253968254008,0.0,0.013968253968254008,0.013968253968254008,0.0,62706000.0,62706000.0,0.0
2025-09-09,2025,9,Backwardation,CLV25,CLX25,CLV25,CLX25,True,"['CLX25', 'CLZ25', 'CLF26']",0.0054583400224755725,0.0054583400224755725,0.0,0.0054583400224755725,0.0054583400224755725,0.0,62632000.0,62632000.0,0.0
2025-10-08,2025,10,Backwardation,CLX25,CLZ25,CLX25,CLZ25,True,"['CLZ25', 'CLF26', 'CLG26']",0.008545630441792873,0.008545630441792873,0.0,0.008545630441792873,0.008545630441792873,0.0,59774000.0,59774000.0,0.0
2025-11-10,2025,11,Backwardation,CLZ25,CLF26,CLZ25,CLG26,True,"['CLG26', 'CLF26', 'CLV26']",0.0016658337497917944,0.002003673401235615,0.0003378396514438207,0.0016658337497917944,0.002003673401235615,0.0003378396514438207,59620000.0,59496000.0,-124000.0
2025-12-08,2025,12,Backwardation,CLF26,CLG26,CLG26,CLG26,False,"['CLG26', 'CLH26', 'CLJ26']",0.004264028654272557,0.0,-0.004264028654272557,0.004264028654272557,0.0,-0.004264028654272557,57940000.0,0.0,-57940000.0
2026-01-09,2026,1,Backwardation,CLG26,CLH26,CLG26,CLH26,True,"['CLH26', 'CLJ26', 'CLV26']",0.003053953172718014,0.003053953172718014,0.0,0.003053953172718014,0.003053953172718014,0.0,60030000.0,60030000.0,0.0
2026-02-09,2026,2,Backwardation,CLH26,CLJ26,CLH26,CLV26,True,"['CLV26', 'CLU26', 'CLX26']",0.0024922118380061773,0.003922641853676334,0.0014304300156701565,0.0024922118380061773,0.003922641853676334,0.0014304300156701565,63570000.0,62050000.0,-1520000.0
2026-03-09,2026,3,Backwardation,CLJ26,CLK26,CLV26,CLM26,True,"['CLM26', 'CLN26', 'CLQ26']",0.03596414516834272,-0.1459559247721242,-0.18192006994046694,0.03596414516834272,-0.1459559247721242,-0.18192006994046694,90184000.0,86510000.0,-3674000.0
