date,year,month,market_condition,static_roll_out,static_roll_in,static_roll_spread,dynamic_roll_out,dynamic_roll_in,roll_required,dynamic_roll_spread,spread_saving
2016-01-11,2016,1,Contango,CLG16,CLH16,-0.9960000000000001,CLG16,CLF17,True,-7.706,-6.71
2016-02-08,2016,2,Contango,CLH16,CLJ16,-2.2099999999999986,CLF17,CLF17,False,0.0,2.2099999999999986
2016-03-08,2016,3,Contango,CLJ16,CLK16,-1.702000000000001,CLF17,CLF17,False,0.0,1.702000000000001
2016-04-08,2016,4,Contango,CLK16,CLM16,-1.2820000000000007,CLF17,CLJ17,True,-0.574000000000001,0.7079999999999997
2016-05-09,2016,5,Contango,CLM16,CLN16,-0.7000000000000014,CLJ17,CLJ17,False,0.0,0.7000000000000014
2016-06-08,2016,6,Contango,CLN16,CLQ16,-0.6260000000000006,CLJ17,CLJ17,False,0.0,0.6260000000000006
2016-07-11,2016,7,Contango,CLQ16,CLU16,-0.7320000000000008,CLJ17,CLN17,True,-0.7099999999999994,0.022000000000001352
2016-08-08,2016,8,Contango,CLU16,CLV16,-0.7299999999999969,CLN17,CLN17,False,0.0,0.7299999999999969
2016-09-09,2016,9,Contango,CLV16,CLX16,-0.5780000000000015,CLN17,CLN17,False,0.0,0.5780000000000015
2016-10-10,2016,10,Contango,CLX16,CLZ16,-0.4480000000000004,CLN17,CLV17,True,-0.3860000000000028,0.06199999999999761
2016-11-08,2016,11,Contango,CLZ16,CLF17,-0.6719999999999999,CLV17,CLV17,False,0.0,0.6719999999999999
2016-12-08,2016,12,Contango,CLF17,CLG17,-0.9820000000000008,CLV17,CLV17,False,0.0,0.9820000000000008
2017-01-10,2017,1,Contango,CLG17,CLH17,-0.8160000000000025,CLV17,CLF18,True,-0.16799999999999926,0.6480000000000032
2017-02-08,2017,2,Contango,CLH17,CLJ17,-0.5019999999999982,CLF18,CLF18,False,0.0,0.5019999999999982
2017-03-08,2017,3,Contango,CLJ17,CLK17,-0.5619999999999991,CLF18,CLF18,False,0.0,0.5619999999999991
2017-04-10,2017,4,Contango,CLK17,CLM17,-0.4160000000000011,CLF18,CLJ18,True,0.09399999999999835,0.5099999999999995
2017-05-08,2017,5,Contango,CLM17,CLN17,-0.37400000000000233,CLJ18,CLJ18,False,0.0,0.37400000000000233
2017-06-08,2017,6,Contango,CLN17,CLQ17,-0.22800000000000153,CLJ18,CLJ18,False,0.0,0.22800000000000153
2017-07-11,2017,7,Contango,CLQ17,CLU17,-0.18999999999999773,CLJ18,CLN18,True,-0.3799999999999997,-0.190000000000002
2017-08-08,2017,8,Contango,CLU17,CLV17,-0.15799999999999698,CLN18,CLN18,False,0.0,0.15799999999999698
2017-09-11,2017,9,Contango,CLV17,CLX17,-0.5060000000000002,CLN18,CLN18,False,0.0,0.5060000000000002
2017-10-09,2017,10,Contango,CLX17,CLZ17,-0.3139999999999986,CLN18,CLV18,True,0.19799999999999898,0.5119999999999976
2017-11-08,2017,11,Contango,CLZ17,CLF18,-0.21999999999999745,CLV18,CLV18,False,0.0,0.21999999999999745
2017-12-08,2017,12,Contango,CLF18,CLG18,-0.037999999999998126,CLV18,CLV18,False,0.0,0.037999999999998126
2018-01-09,2018,1,Backwardation,CLG18,CLH18,0.09799999999999756,CLV18,CLV18,False,0.0,-0.09799999999999756
2018-02-08,2018,2,Backwardation,CLH18,CLJ18,0.17600000000000052,CLV18,CLV18,False,0.0,-0.17600000000000052
2018-03-08,2018,3,Backwardation,CLJ18,CLK18,0.021999999999998465,CLV18,CLV18,False,0.0,-0.021999999999998465
2018-04-09,2018,4,Contango,CLK18,CLM18,0.06400000000000006,CLV18,CLG19,True,2.036,1.972
2018-05-08,2018,5,Backwardation,CLM18,CLN18,0.043999999999999775,CLG19,CLG19,False,0.0,-0.043999999999999775
2018-06-08,2018,6,Backwardation,CLN18,CLQ18,0.1079999999999984,CLG19,CLV18,True,-0.8659999999999997,-0.9739999999999981
2018-07-10,2018,7,Backwardation,CLQ18,CLU18,1.2200000000000017,CLV18,CLV18,False,0.0,-1.2200000000000017
2018-08-08,2018,8,Backwardation,CLU18,CLV18,0.6780000000000029,CLV18,CLV18,False,0.0,-0.6780000000000029
2018-09-11,2018,9,Backwardation,CLV18,CLX18,0.20999999999999944,CLV18,CLQ19,True,2.0340000000000003,1.8240000000000007
2018-10-08,2018,10,Backwardation,CLX18,CLZ18,0.14599999999999796,CLQ19,CLQ19,False,0.0,-0.14599999999999796
2018-11-08,2018,11,Contango,CLZ18,CLF19,-0.1700000000000003,CLQ19,CLX19,True,-0.23000000000000115,-0.06000000000000086
2018-12-10,2018,12,Contango,CLF19,CLG19,-0.22400000000000092,CLX19,CLX19,False,0.0,0.22400000000000092
2019-01-09,2019,1,Contango,CLG19,CLH19,-0.307999999999997,CLX19,CLX19,False,0.0,0.307999999999997
2019-02-08,2019,2,Contango,CLH19,CLJ19,-0.38000000000000256,CLX19,CLG20,True,0.029999999999998295,0.41000000000000086
2019-03-08,2019,3,Contango,CLJ19,CLK19,-0.3300000000000011,CLG20,CLG20,False,0.0,0.3300000000000011
2019-04-08,2019,4,Backwardation,CLK19,CLM19,-0.03400000000000034,CLG20,CLG20,False,0.0,0.03400000000000034
2019-05-08,2019,5,Contango,CLM19,CLN19,-0.14000000000000057,CLG20,CLH20,True,0.34599999999999936,0.48599999999999993
2019-06-10,2019,6,Contango,CLN19,CLQ19,0.0,CLH20,CLH20,False,0.0,0.0
2019-07-09,2019,7,Contango,CLQ19,CLU19,0.0,CLH20,CLZ19,True,3.7740000000000022,3.7740000000000022
2019-08-08,2019,8,Contango,CLU19,CLV19,0.0,CLZ19,CLF20,True,0.9560000000000002,0.9560000000000002
2019-09-10,2019,9,Contango,CLV19,CLX19,-3.1819999999999995,CLF20,CLZ19,True,2.424000000000001,5.606
2019-10-08,2019,10,Contango,CLX19,CLZ19,0.8140000000000015,CLZ19,CLF20,True,-0.7539999999999978,-1.5679999999999992
2019-11-08,2019,11,Contango,CLZ19,CLF20,-4.475999999999999,CLF20,CLM20,True,1.5220000000000014,5.998
2019-12-09,2019,12,Backwardation,CLF20,CLG20,0.10400000000000062,CLM20,CLM20,False,0.0,-0.10400000000000062
2020-01-09,2020,1,Backwardation,CLG20,CLH20,0.021999999999999888,CLM20,CLU20,True,1.2739999999999996,1.2519999999999998
2020-02-10,2020,2,Contango,CLH20,CLJ20,-0.23799999999999955,CLU20,CLG21,True,0.2840000000000032,0.5220000000000027
2020-03-09,2020,3,Contango,CLJ20,CLK20,-0.3960000000000001,CLG21,CLG21,False,0.0,0.3960000000000001
2020-04-08,2020,4,Contango,CLK20,CLM20,-6.29,CLG21,CLG21,False,0.0,6.29
2020-05-08,2020,5,Contango,CLM20,CLN20,-0.7259999999999998,CLG21,CLK21,True,-1.100000000000002,-0.37400000000000233
2020-06-08,2020,6,Contango,CLN20,CLQ20,-0.22399999999999948,CLK21,CLK21,False,0.0,0.22399999999999948
2020-07-09,2020,7,Contango,CLQ20,CLU20,-0.21999999999999886,CLK21,CLK21,False,0.0,0.21999999999999886
2020-08-10,2020,8,Contango,CLU20,CLV20,-0.2700000000000017,CLK21,CLQ21,True,-0.3559999999999988,-0.08599999999999713
2020-09-09,2020,9,Contango,CLV20,CLX20,-0.3219999999999999,CLQ21,CLQ21,False,0.0,0.3219999999999999
2020-10-08,2020,10,Contango,CLX20,CLZ20,-0.2959999999999994,CLQ21,CLQ21,False,0.0,0.2959999999999994
2020-11-09,2020,11,Contango,CLZ20,CLF21,-0.297999999999999,CLQ21,CLV21,True,-0.16200000000000186,0.13599999999999712
2020-12-08,2020,12,Contango,CLF21,CLG21,-0.1839999999999975,CLV21,CLV21,False,0.0,0.1839999999999975
2021-01-11,2021,1,Contango,CLG21,CLH21,-0.04200000000000159,CLV21,CLV21,False,0.0,0.04200000000000159
2021-02-08,2021,2,Backwardation,CLH21,CLJ21,0.10999999999999943,CLV21,CLV21,False,0.0,-0.10999999999999943
2021-03-08,2021,3,Backwardation,CLJ21,CLK21,0.029999999999996873,CLV21,CLV21,False,0.0,-0.029999999999996873
2021-04-09,2021,4,Contango,CLK21,CLM21,-0.0519999999999996,CLV21,CLV21,False,0.0,0.0519999999999996
2021-05-10,2021,5,Contango,CLM21,CLN21,-0.011999999999999034,CLV21,CLG22,True,1.7239999999999995,1.7359999999999987
2021-06-08,2021,6,Backwardation,CLN21,CLQ21,0.22199999999999703,CLG22,CLV21,True,-2.430000000000001,-2.651999999999998
2021-07-09,2021,7,Backwardation,CLQ21,CLU21,0.5460000000000008,CLV21,CLV21,False,0.0,-0.5460000000000008
2021-08-09,2021,8,Backwardation,CLU21,CLV21,0.2120000000000033,CLV21,CLG22,True,1.6759999999999962,1.4639999999999929
2021-09-09,2021,9,Backwardation,CLV21,CLX21,0.24799999999999897,CLG22,CLU22,True,3.031999999999999,2.7840000000000003
2021-10-08,2021,10,Backwardation,CLX21,CLZ21,0.6139999999999987,CLU22,CLU22,False,0.0,-0.6139999999999987
2021-11-08,2021,11,Backwardation,CLZ21,CLF22,1.2660000000000053,CLU22,CLH22,True,-4.846000000000001,-6.112000000000006
2021-12-08,2021,12,Backwardation,CLF22,CLG22,0.19199999999999875,CLH22,CLZ22,True,2.832000000000002,2.6400000000000032
2022-01-10,2022,1,Backwardation,CLG22,CLH22,0.5439999999999998,CLZ22,CLU22,True,-2.1259999999999963,-2.6699999999999964
2022-02-08,2022,2,Backwardation,CLH22,CLJ22,1.5099999999999938,CLU22,CLJ22,True,-6.410000000000002,-7.9199999999999955
2022-03-08,2022,3,Backwardation,CLJ22,CLK22,3.1180000000000008,CLJ22,CLN22,True,9.923999999999998,6.805999999999997
2022-04-08,2022,4,Backwardation,CLK22,CLM22,0.4759999999999991,CLN22,CLV22,True,2.9640000000000044,2.4880000000000053
2022-05-09,2022,5,Backwardation,CLM22,CLN22,1.5799999999999983,CLV22,CLV22,False,0.0,-1.5799999999999983
2022-06-08,2022,6,Backwardation,CLN22,CLQ22,2.530000000000001,CLV22,CLV22,False,0.0,-2.530000000000001
2022-07-11,2022,7,Backwardation,CLQ22,CLU22,2.7700000000000045,CLV22,CLV22,False,0.0,-2.7700000000000045
2022-08-08,2022,8,Backwardation,CLU22,CLV22,0.7660000000000025,CLV22,CLV22,False,0.0,-0.7660000000000025
2022-09-09,2022,9,Backwardation,CLV22,CLX22,0.4200000000000017,CLV22,CLH23,True,3.432000000000002,3.0120000000000005
2022-10-10,2022,10,Backwardation,CLX22,CLZ22,1.1999999999999944,CLH23,CLH23,False,0.0,-1.1999999999999944
2022-11-08,2022,11,Backwardation,CLZ22,CLF23,0.8120000000000005,CLH23,CLH23,False,0.0,-0.8120000000000005
2022-12-08,2022,12,Contango,CLF23,CLG23,-0.1,CLH23,CLZ23,True,1.0019999999999982,1.1019999999999983
2023-01-10,2023,1,Contango,CLG23,CLH23,-0.2600000000000023,CLZ23,CLZ23,False,0.0,0.2600000000000023
2023-02-08,2023,2,Contango,CLH23,CLJ23,-0.19999999999999715,CLZ23,CLX23,True,-0.4940000000000026,-0.2940000000000055
2023-03-08,2023,3,Contango,CLJ23,CLK23,-0.1280000000000001,CLX23,CLG24,True,1.2660000000000053,1.3940000000000055
2023-04-11,2023,4,Backwardation,CLK23,CLM23,0.0839999999999975,CLG24,CLV23,True,-2.628,-2.7119999999999975
2023-05-08,2023,5,Backwardation,CLM23,CLN23,0.046000000000003635,CLV23,CLV23,False,0.0,-0.046000000000003635
2023-06-08,2023,6,Contango,CLN23,CLQ23,-0.16599999999999682,CLV23,CLZ23,True,0.5419999999999987,0.7079999999999955
2023-07-11,2023,7,Backwardation,CLQ23,CLU23,0.12600000000000194,CLZ23,CLN24,True,2.566,2.4399999999999977
2023-08-08,2023,8,Backwardation,CLU23,CLV23,0.602000000000001,CLN24,CLV23,True,-4.483999999999997,-5.0859999999999985
2023-09-11,2023,9,Backwardation,CLV23,CLX23,0.6500000000000028,CLV23,CLG24,True,3.280000000000001,2.629999999999998
2023-10-09,2023,10,Backwardation,CLX23,CLZ23,1.4980000000000018,CLG24,CLG24,False,0.0,-1.4980000000000018
2023-11-08,2023,11,Backwardation,CLZ23,CLF24,0.03799999999999955,CLG24,CLV24,True,2.3879999999999995,2.35
2023-12-08,2023,12,Contango,CLF24,CLG24,-0.2539999999999992,CLV24,CLV24,False,0.0,0.2539999999999992
2024-01-09,2024,1,Contango,CLG24,CLH24,-0.08400000000000034,CLV24,CLV24,False,0.0,0.08400000000000034
2024-02-08,2024,2,Backwardation,CLH24,CLJ24,0.15800000000000408,CLV24,CLV24,False,0.0,-0.15800000000000408
2024-03-08,2024,3,Backwardation,CLJ24,CLK24,0.432000000000005,CLV24,CLV24,False,0.0,-0.432000000000005
2024-04-08,2024,4,Backwardation,CLK24,CLM24,0.7180000000000006,CLV24,CLV24,False,0.0,-0.7180000000000006
2024-05-08,2024,5,Backwardation,CLM24,CLN24,0.44000000000000056,CLV24,CLV24,False,0.0,-0.44000000000000056
2024-06-10,2024,6,Backwardation,CLN24,CLQ24,0.3740000000000009,CLV24,CLV24,False,0.0,-0.3740000000000009
2024-07-09,2024,7,Backwardation,CLQ24,CLU24,1.0759999999999992,CLV24,CLV24,False,0.0,-1.0759999999999992
2024-08-08,2024,8,Backwardation,CLU24,CLV24,1.3340000000000003,CLV24,CLV24,False,0.0,-1.3340000000000003
2024-09-10,2024,9,Backwardation,CLV24,CLX24,0.8220000000000027,CLV24,CLX24,True,0.8220000000000027,0.0
2024-10-08,2024,10,Backwardation,CLX24,CLZ24,0.6559999999999974,CLX24,CLZ24,True,0.6559999999999974,0.0
2024-11-08,2024,11,Backwardation,CLZ24,CLF25,0.17600000000000193,CLZ24,CLF25,True,0.17600000000000193,0.0
2024-12-09,2024,12,Backwardation,CLF25,CLG25,0.37000000000000455,CLF25,CLG25,True,0.37000000000000455,0.0
2025-01-09,2025,1,Backwardation,CLG25,CLH25,1.0960000000000008,CLG25,CLH25,True,1.0960000000000008,0.0
2025-02-10,2025,2,Backwardation,CLH25,CLJ25,0.17199999999999988,CLH25,CLU25,True,1.9919999999999987,1.8199999999999987
2025-03-10,2025,3,Backwardation,CLJ25,CLK25,0.30400000000000205,CLU25,CLN25,True,-0.8599999999999965,-1.1639999999999986
2025-04-08,2025,4,Backwardation,CLK25,CLM25,0.5060000000000002,CLN25,CLN25,False,0.0,-0.5060000000000002
2025-05-08,2025,5,Backwardation,CLM25,CLN25,0.4219999999999999,CLN25,CLN25,False,0.0,-0.4219999999999999
2025-06-09,2025,6,Backwardation,CLN25,CLQ25,1.2960000000000036,CLN25,CLQ25,True,1.2960000000000036,0.0
2025-07-09,2025,7,Backwardation,CLQ25,CLU25,1.265999999999997,CLQ25,CLU25,True,1.265999999999997,0.0
2025-08-08,2025,8,Backwardation,CLU25,CLV25,0.8180000000000007,CLU25,CLV25,True,0.8180000000000007,0.0
2025-09-09,2025,9,Backwardation,CLV25,CLX25,0.2999999999999986,CLV25,CLX25,True,0.2999999999999986,0.0
2025-10-08,2025,10,Backwardation,CLX25,CLZ25,0.4559999999999988,CLX25,CLZ25,True,0.4559999999999988,0.0
2025-11-10,2025,11,Backwardation,CLZ25,CLF26,0.06799999999999926,CLZ25,CLG26,True,0.19200000000000017,0.12400000000000092
2025-12-08,2025,12,Backwardation,CLF26,CLG26,0.18599999999999994,CLG26,CLG26,False,0.0,-0.18599999999999994
2026-01-09,2026,1,Backwardation,CLG26,CLH26,0.16599999999999965,CLG26,CLH26,True,0.16599999999999965,0.0
2026-02-09,2026,2,Backwardation,CLH26,CLJ26,0.1660000000000011,CLH26,CLV26,True,1.686,1.519999999999999
2026-03-09,2026,3,Backwardation,CLJ26,CLK26,1.797999999999999,CLV26,CLM26,True,-10.612000000000004,-12.410000000000002
